Design,Noise,Shift -5,Shift +5,Baseline,Width,N and -5,N and +5
b10_q9,0.5914,0.5967,0.5956,0.5717,0.5967,0.5919,0.5912
b10_q19,0.5878,0.6197,0.6188,0.5707,0.6200,0.5880,0.5869
b20_q9,0.6606,0.6587,0.6604,0.6591,0.6656,0.6550,0.6562
b20_q19,0.6903,0.6877,0.6890,0.6698,0.6976,0.6823,0.6839
adap b10_q9,0.6067,0.6223,0.6215,0.5991,0.6238,0.6069,0.6033
b40_q39,0.7648,0.7609,0.7614,0.7537,0.7806,0.7502,0.7470
b80_q79,0.8573,0.8273,0.8291,0.8624,0.8721,0.8218,0.8224
b160_q255,0.9521,0.8766,0.8772,0.9529,0.9563,0.8777,0.8781
b160_q1023,0.9573,0.8772,0.8775,0.9567,0.9589,0.8779,0.8780
b400_q255,0.9901,0.8829,0.8829,0.9898,0.9875,0.8853,0.8851
b400_q1023,0.9957,0.8847,0.8847,0.9954,0.9912,0.8845,0.8845
vq8192,0.7874,0.7300,0.7293,0.7873,0.7865,0.7297,0.7290
vq32768,0.8157,0.7546,0.7530,0.8156,0.8144,0.7543,0.7528
