Design,0.125 cm-1,0.25 cm-1,0.5 cm-1,1 cm-1,2 cm-1,Native mean
10/9,0.4015,0.4023,0.4042,0.4071,0.4115,0.4056
10/19,0.3925,0.3851,0.3898,0.3920,0.3951,0.3915
20/9,0.4982,0.4992,0.5020,0.5054,0.5134,0.5072
20/19,0.5033,0.5048,0.5068,0.5099,0.5165,0.5100
Adaptive 10/9,0.5188,0.5200,0.5238,0.5262,0.5369,0.5270
40/39,0.5370,0.5378,0.5406,0.5442,0.5517,0.5436
80/79,0.7487,0.7513,0.7546,0.7621,0.7712,0.7578
160/255,0.8796,0.8812,0.8844,0.8891,0.9005,0.8861
160/1023,0.8720,0.8734,0.8762,0.8810,0.8945,0.8786
400/255,0.9327,0.9340,0.9367,0.9418,0.9543,0.9359
400/1023,0.9347,0.9358,0.9386,0.9434,0.9571,0.9382
VQ 8192,0.6518,0.6527,0.6549,0.6592,0.6694,0.6556
VQ 32768,0.6810,0.6844,0.6898,0.6936,0.7015,0.6891
